address	size	name	incoming_calls
00152150	16	_FINI_1	5
00152160	8	FUN_00152160	2
00152168	8	_FINI_0	4
00152170	20	FUN_00152170	3
00152184	28	FUN_00152184	2
001521a0	16	FUN_001521a0	2
001521b8	448	FUN_001521b8	200
00152378	120	FUN_00152378	1
001523f0	164	FUN_001523f0	3
00152494	84	FUN_00152494	1
001524e8	524	FUN_001524e8	45
001526f4	128	FUN_001526f4	0
00152774	144	FUN_00152774	347
0015280c	136	FUN_0015280c	8
00152894	232	FUN_00152894	1
0015297c	80	FUN_0015297c	1
001529cc	380	FUN_001529cc	1
00152b4c	180	FUN_00152b4c	1
00152c00	116	FUN_00152c00	1
00152c74	120	FUN_00152c74	1
00152cec	232	FUN_00152cec	11
00152dd4	2024	FUN_00152dd4	14
001535bc	13076	FUN_001535bc	1
001568d8	412	FUN_001568d8	12
00156a74	416	FUN_00156a74	3
00156c14	2256	FUN_00156c14	1
00158704	1596	FUN_00158704	4
00158d48	1596	FUN_00158d48	2
0015938c	1596	FUN_0015938c	1
001599d4	1616	FUN_001599d4	1
0015a030	140	FUN_0015a030	1
0015a0bc	100	FUN_0015a0bc	2
0015a120	452	FUN_0015a120	6
0015a2fc	128	FUN_0015a2fc	1
0015a37c	328	FUN_0015a37c	1
0015a4c4	236	FUN_0015a4c4	1
0015a5b0	464	FUN_0015a5b0	1
0015a780	1848	FUN_0015a780	4
0015aec0	1648	FUN_0015aec0	1
0015b538	216	FUN_0015b538	1
0015b610	156	FUN_0015b610	13
0015b6ac	96	FUN_0015b6ac	12
0015b70c	140	FUN_0015b70c	21
0015b798	116	FUN_0015b798	17
0015b80c	68	FUN_0015b80c	9
0015b850	64	FUN_0015b850	3
0015b890	284	FUN_0015b890	3
0015b9ac	3192	FUN_0015b9ac	8
0015c624	364	FUN_0015c624	30
0015c790	208	FUN_0015c790	8
0015c860	208	FUN_0015c860	30
0015c930	1452	FUN_0015c930	3
0015cedc	208	FUN_0015cedc	16
0015cfac	208	FUN_0015cfac	69
0015d07c	208	FUN_0015d07c	3
0015d14c	10440	FUN_0015d14c	2
0015fa58	148	FUN_0015fa58	1
0015faec	400	FUN_0015faec	7
0015fc7c	284	FUN_0015fc7c	2
0015fd98	84	FUN_0015fd98	2
0015fdec	156	FUN_0015fdec	3
0015fe88	396	FUN_0015fe88	1
00160014	104	FUN_00160014	1
0016007c	396	FUN_0016007c	1
00160208	208	FUN_00160208	3
001602d8	104	FUN_001602d8	1
00160340	416	FUN_00160340	1
001604e0	352	FUN_001604e0	1
00160640	356	FUN_00160640	2
001607a4	156	FUN_001607a4	2
00160840	100	FUN_00160840	2
001608a4	196	FUN_001608a4	1
00160968	472	FUN_00160968	3
00160b40	492	FUN_00160b40	1
00160d2c	380	FUN_00160d2c	1
00160ea8	100	FUN_00160ea8	2
00160f0c	496	FUN_00160f0c	1
001610fc	568	FUN_001610fc	1
00161334	96	FUN_00161334	5
00161394	148	FUN_00161394	12
00161428	124	FUN_00161428	2
001614a4	244	FUN_001614a4	1
00161598	140	FUN_00161598	1
00161624	120	FUN_00161624	1
0016169c	236	FUN_0016169c	4
00161788	284	FUN_00161788	5
001618a4	100	FUN_001618a4	9
00161908	104	FUN_00161908	38
00161970	108	FUN_00161970	41
001619dc	168	FUN_001619dc	41
00161a84	156	FUN_00161a84	1
00161b20	7340	FUN_00161b20	1
001637fc	156	FUN_001637fc	12
00163898	156	FUN_00163898	2
00163934	1612	FUN_00163934	1
00163f8c	5512	FUN_00163f8c	1
00165538	1592	FUN_00165538	1
00165b70	336	FUN_00165b70	1
00165cc0	260	FUN_00165cc0	1
00165dc4	8012	FUN_00165dc4	2
00167d38	940	FUN_00167d38	1
001680e4	7336	FUN_001680e4	37
00169d9c	5584	FUN_00169d9c	2
0016b38c	1600	FUN_0016b38c	1
0016b9d8	1468	FUN_0016b9d8	38
0016bf94	1408	FUN_0016bf94	2
0016c51c	1436	FUN_0016c51c	1
0016cac0	1592	FUN_0016cac0	1
0016d0fc	504	FUN_0016d0fc	5
0016d2f4	136	FUN_0016d2f4	1
0016d37c	1408	FUN_0016d37c	4
0016d900	176	FUN_0016d900	1
0016d9b0	564	FUN_0016d9b0	5
0016dbe4	120	FUN_0016dbe4	1
0016dc5c	180	FUN_0016dc5c	1
0016dd10	180	FUN_0016dd10	37
0016ddc4	18632	FUN_0016ddc4	1
001726b8	28148	FUN_001726b8	1
001794ac	5172	_INIT_37	2
0017a8ec	1332	FUN_0017a8ec	1
0017ae20	80	FUN_0017ae20	1
0017ae88	104	FUN_0017ae88	10
0017aef0	220	FUN_0017aef0	18
0017afcc	148	FUN_0017afcc	55
0017b060	972	FUN_0017b060	1
0017b42c	2872	FUN_0017b42c	1
0017bf70	5732	FUN_0017bf70	1
0017d5f4	2876	FUN_0017d5f4	2
0017e148	15172	FUN_0017e148	2
00181cb8	256	FUN_00181cb8	11
00181dbc	400	FUN_00181dbc	4
00181f4c	29664	FUN_00181f4c	1
00189364	364	FUN_00189364	4
001894d0	96	FUN_001894d0	3
00189530	408	FUN_00189530	4
001896c8	172	FUN_001896c8	15
00189774	2140	FUN_00189774	2
00189fd4	212	FUN_00189fd4	18
0018a0a8	8928	FUN_0018a0a8	2
0018c3ac	4540	FUN_0018c3ac	1
0018d580	156	FUN_0018d580	5
0018d61c	312	FUN_0018d61c	34
0018d754	208	FUN_0018d754	3
0018d824	108	FUN_0018d824	18
0018d894	432	FUN_0018d894	1
0018da44	416	FUN_0018da44	2
0018dbe4	208	FUN_0018dbe4	6
0018dcb4	208	FUN_0018dcb4	7
0018dd84	164	FUN_0018dd84	8
0018de28	172	FUN_0018de28	3
0018ded4	396	FUN_0018ded4	1
0018e060	292	FUN_0018e060	2
0018e184	236	FUN_0018e184	1
0018e270	224	_INIT_38	2
0018e350	1500	FUN_0018e350	2
0018e930	1500	FUN_0018e930	2
0018ef10	1500	FUN_0018ef10	2
0018f4f0	100	_INIT_39	2
0018f554	96	_INIT_40	2
0018f5b4	92	_INIT_41	2
0018f614	188	FUN_0018f614	1
0018f6d0	128	FUN_0018f6d0	1
0018f750	292	FUN_0018f750	1
0018f958	128	FUN_0018f958	1
0018fcd0	180	FUN_0018fcd0	3
0018fd84	280	FUN_0018fd84	1
0018fe9c	80	FUN_0018fe9c	1
0018feec	228	FUN_0018feec	0
001900b4	15616	FUN_001900b4	1
00193dfc	2348	FUN_00193dfc	1
00195358	66664	FUN_00195358	1
001a5878	72	FUN_001a5878	1
001af8b8	100	FUN_001af8b8	4
001af91c	92	FUN_001af91c	1
001af978	276	FUN_001af978	1
001afa90	1836	FUN_001afa90	32
001b01c4	4460	FUN_001b01c4	4
001b134c	4456	FUN_001b134c	3
001b24c0	7172	FUN_001b24c0	1
001b40ec	22956	FUN_001b40ec	2
001bac74	4588	FUN_001bac74	2
001bbe78	12244	FUN_001bbe78	1
001bee6c	1724	FUN_001bee6c	2
001c94f0	104	FUN_001c94f0	30
001c9558	156	FUN_001c9558	1
001c95f4	76	FUN_001c95f4	1
001c9640	68	FUN_001c9640	27
001c9684	76	FUN_001c9684	1
001c96d0	84	FUN_001c96d0	1
001c9724	76	FUN_001c9724	1
001c9770	84	FUN_001c9770	1
001c97c4	76	FUN_001c97c4	1
001c9810	84	FUN_001c9810	1
001c9864	92	FUN_001c9864	1
001c98c0	60	FUN_001c98c0	1
001c98fc	60	FUN_001c98fc	1
001c9938	76	FUN_001c9938	1
001c9984	76	FUN_001c9984	1
001c99d0	84	FUN_001c99d0	1
001c9a24	60	FUN_001c9a24	1
001c9a60	60	FUN_001c9a60	1
001c9a9c	100	FUN_001c9a9c	1
001c9b00	76	FUN_001c9b00	1
001c9b4c	92	FUN_001c9b4c	1
001c9ba8	60	FUN_001c9ba8	1
001c9be4	60	FUN_001c9be4	1
001c9c20	92	FUN_001c9c20	1
001c9c7c	60	FUN_001c9c7c	1
001c9cb8	104	FUN_001c9cb8	1
001c9d20	92	FUN_001c9d20	1
001c9d7c	124	FUN_001c9d7c	1
001c9df8	60	FUN_001c9df8	1
001c9e34	92	FUN_001c9e34	1
001c9e90	92	FUN_001c9e90	1
001c9eec	100	FUN_001c9eec	1
001c9f50	92	FUN_001c9f50	1
001c9fac	100	FUN_001c9fac	1
001ca010	93480	FUN_001ca010	1
001e0de8	8584	FUN_001e0de8	1
001e2f88	38276	FUN_001e2f88	1
001f1084	140	FUN_001f1084	1
001f1110	96	FUN_001f1110	1
001f1170	24	FUN_001f1170	1
001f33a8	124	FUN_001f33a8	1
001f3424	1576	FUN_001f3424	1
001f3b00	1184	FUN_001f3b00	2
001f3fa0	12280	JNI_OnLoad	11
001f7004	1628	FUN_001f7004	1
001f7664	1072	FUN_001f7664	1
001f8098	137264	_INIT_18	2
0021ab10	175748	_INIT_0	2
00247dec	175764	_INIT_1	2
002750d8	175764	_INIT_2	2
002a23c4	175764	_INIT_3	2
002cf6b0	175764	_INIT_4	2
002fc99c	175764	_INIT_5	2
00329c88	175764	_INIT_6	2
00356f74	175764	_INIT_7	2
00384260	35036	_INIT_8	2
0038d00c	2160	FUN_0038d00c	1
0038d8b4	145104	FUN_0038d8b4	1
003b154c	175764	_INIT_9	2
003de838	115068	_INIT_10	2
003fc008	49996	FUN_003fc008	1
00408564	13548	FUN_00408564	8
0040bad4	64	FUN_0040bad4	3
0040bb24	175764	_INIT_11	2
00438e10	175748	_INIT_12	2
004660ec	175732	_INIT_13	2
004933b8	175764	_INIT_14	2
004c06a4	175764	_INIT_15	2
004ed990	21284	_INIT_16	2
004f300c	154196	FUN_004f300c	1
0051ac7c	175764	_INIT_17	2
00547f68	175764	_INIT_19	2
00575254	147428	_INIT_20	2
0059b00c	16076	FUN_0059b00c	1
0059ef80	13548	FUN_0059ef80	8
005a24f0	64	FUN_005a24f0	3
005a2540	175764	_INIT_21	2
005cf82c	175764	_INIT_22	2
005fcb18	175764	_INIT_23	2
00629e04	175764	_INIT_24	2
006570f0	175764	_INIT_25	2
006843dc	175764	_INIT_26	2
006b16c8	146352	_INIT_27	2
006d700c	17204	FUN_006d700c	1
006db3f4	13548	FUN_006db3f4	8
006de964	64	FUN_006de964	3
006de9b4	175764	_INIT_28	2
0070bca0	175764	_INIT_29	2
00738f8c	175764	_INIT_30	2
00766278	175764	_INIT_31	2
00793564	175764	_INIT_32	2
007c0850	175764	_INIT_33	2
007edb3c	145276	_INIT_34	2
0081300c	18332	FUN_0081300c	1
00817868	13548	FUN_00817868	8
0081add8	64	FUN_0081add8	3
0081ae28	175764	_INIT_35	2
00848114	23404	_INIT_36	2
0084e00c	11400	FUN_0084e00c	1
00850008	1088	FUN_00850008	1
008504d0	146192	FUN_008504d0	4
00875400	140	FUN_00875400	1
0087548c	128	FUN_0087548c	1
0087550c	148	FUN_0087550c	1
008755a0	64	FUN_008755a0	1
008755e0	72	FUN_008755e0	1
008757f4	352	FUN_008757f4	1
00875954	96	FUN_00875954	1
008759b4	92	FUN_008759b4	1
00875a10	104	FUN_00875a10	1
00875a78	92	FUN_00875a78	7
00875ad4	112	FUN_00875ad4	2
00875b44	36	FUN_00875b44	1
00875b68	240	FUN_00875b68	1
00875c58	248	FUN_00875c58	2
00875d50	304	FUN_00875d50	1
008762d4	472	FUN_008762d4	1
008764ac	12	FUN_008764ac	49
008764b8	88	FUN_008764b8	1
00876510	104	FUN_00876510	1
00876578	140	FUN_00876578	0
00876604	148	FUN_00876604	0
00876698	136	FUN_00876698	0
00876850	92	FUN_00876850	1
008768ac	92	FUN_008768ac	0
00876908	120	FUN_00876908	56
00876980	1484	FUN_00876980	63
00876f70	64	FUN_00876f70	12
00876fb0	120	FUN_00876fb0	51
00877028	120	FUN_00877028	6
008770a0	140	FUN_008770a0	1
0087712c	128	FUN_0087712c	1
008771ac	148	FUN_008771ac	1
00877240	120	FUN_00877240	22
008772b8	120	FUN_008772b8	10
00877330	120	FUN_00877330	31
008773a8	120	FUN_008773a8	2
00877420	80	FUN_00877420	2
00877470	120	FUN_00877470	7
008774e8	120	FUN_008774e8	11
00877560	120	FUN_00877560	22
008775d8	120	FUN_008775d8	92
00877650	120	FUN_00877650	18
008776c8	120	FUN_008776c8	64
00877740	120	FUN_00877740	62
008777b8	120	FUN_008777b8	15
00877830	120	FUN_00877830	61
008778a8	120	FUN_008778a8	14
00877920	120	FUN_00877920	11
00877998	120	FUN_00877998	4
00877a10	120	FUN_00877a10	15
00877a88	120	FUN_00877a88	11
00877b00	120	FUN_00877b00	1
00877b78	120	FUN_00877b78	45
00877bf0	120	FUN_00877bf0	5
00877c68	120	FUN_00877c68	3
00877ce0	120	FUN_00877ce0	3
00877d58	120	FUN_00877d58	98
00877dd0	120	FUN_00877dd0	13
00877e48	120	FUN_00877e48	38
00877ec0	120	FUN_00877ec0	13
00877f38	120	FUN_00877f38	43
00877fb0	120	FUN_00877fb0	102
00878028	120	FUN_00878028	7
008780a0	120	FUN_008780a0	1
00878118	120	FUN_00878118	5
00878190	120	FUN_00878190	7
00878208	1500	FUN_00878208	1
008787e8	1496	FUN_008787e8	1
00878dc4	1500	FUN_00878dc4	1
008793a4	1500	FUN_008793a4	1
00879984	1488	FUN_00879984	1
00879f58	1500	FUN_00879f58	1
0087a538	1500	FUN_0087a538	1
0087ab18	1500	FUN_0087ab18	1
0087b0f8	1500	FUN_0087b0f8	1
0087b6d8	1496	FUN_0087b6d8	1
0087bcb4	1500	FUN_0087bcb4	1
0087c294	1500	FUN_0087c294	1
0087c874	1500	FUN_0087c874	1
0087ce54	1500	FUN_0087ce54	1
0087d434	1500	FUN_0087d434	1
0087da14	1500	FUN_0087da14	1
0087dff4	1500	FUN_0087dff4	1
0087e5d4	1500	FUN_0087e5d4	1
0087ebb4	1500	FUN_0087ebb4	1
0087f194	1500	FUN_0087f194	1
0087f774	1500	FUN_0087f774	1
0087fd54	1500	FUN_0087fd54	1
00880334	1500	FUN_00880334	1
00880914	1500	FUN_00880914	1
00880ef4	1500	FUN_00880ef4	1
008814d4	1500	FUN_008814d4	1
00881ab4	1492	FUN_00881ab4	1
0088208c	1500	FUN_0088208c	1
0088266c	1500	FUN_0088266c	1
00882c4c	1500	FUN_00882c4c	1
0088322c	1500	FUN_0088322c	1
0088380c	1500	FUN_0088380c	1
00883dec	1500	FUN_00883dec	1
008843cc	1500	FUN_008843cc	1
008849ac	1500	FUN_008849ac	1
00884f8c	1500	FUN_00884f8c	1
0088556c	1500	FUN_0088556c	1
00885b4c	1500	FUN_00885b4c	1
0088612c	1500	FUN_0088612c	1
0088670c	1500	FUN_0088670c	1
00886cec	1500	FUN_00886cec	1
008872cc	1500	FUN_008872cc	1
008878ac	1500	FUN_008878ac	1
00887e8c	1464	FUN_00887e8c	1
00888448	1500	FUN_00888448	1
00888a28	1496	FUN_00888a28	1
00889004	1500	FUN_00889004	1
008895e4	1496	FUN_008895e4	1
00889bc0	1500	FUN_00889bc0	1
0088a1a0	1496	FUN_0088a1a0	1
0088a77c	1500	FUN_0088a77c	1
0088ad5c	1496	FUN_0088ad5c	1
0088b338	1500	FUN_0088b338	1
0088b918	1496	FUN_0088b918	1
0088bef4	1500	FUN_0088bef4	1
0088c4d4	1500	FUN_0088c4d4	1
0088cab4	1500	FUN_0088cab4	1
0088d094	1500	FUN_0088d094	1
0088d674	1500	FUN_0088d674	1
0088dc54	1500	FUN_0088dc54	1
0088e234	1500	FUN_0088e234	1
0088e814	1500	FUN_0088e814	1
0088edf4	1500	FUN_0088edf4	1
0088f3d4	1500	FUN_0088f3d4	1
0088f9b4	1500	FUN_0088f9b4	1
0088ff94	1500	FUN_0088ff94	1
00890574	1500	FUN_00890574	1
00890b54	1500	FUN_00890b54	1
00891134	1500	FUN_00891134	1
00891714	1500	FUN_00891714	1
00891cf4	1500	FUN_00891cf4	1
008922d4	1500	FUN_008922d4	1
008928b4	1500	FUN_008928b4	1
00892e94	1500	FUN_00892e94	1
00893474	1500	FUN_00893474	1
00893a54	1500	FUN_00893a54	1
00894034	1500	FUN_00894034	1
00894614	1500	FUN_00894614	1
00894bf4	1488	FUN_00894bf4	1
008951c8	1496	FUN_008951c8	1
008957a4	1488	FUN_008957a4	1
00895d78	1496	FUN_00895d78	1
00896354	1500	FUN_00896354	1
00896934	1500	FUN_00896934	1
00896f14	1500	FUN_00896f14	1
008974f4	1492	FUN_008974f4	1
00897acc	120	FUN_00897acc	4
00897b44	120	FUN_00897b44	55
00897bbc	120	FUN_00897bbc	1
00897c34	648	FUN_00897c34	1
00897ebc	108	FUN_00897ebc	1
00897f28	220	FUN_00897f28	1
00898004	1164	FUN_00898004	13
00898490	180	FUN_00898490	18
00898544	460	FUN_00898544	1
00898710	68	FUN_00898710	1
00898754	60	FUN_00898754	1
00898790	76	FUN_00898790	1
008987dc	136	FUN_008987dc	1
00898864	116	FUN_00898864	1
008988d8	72	FUN_008988d8	1
00898920	120	FUN_00898920	1
00898998	124	FUN_00898998	18
00898a14	476	FUN_00898a14	3
00898bf0	368	FUN_00898bf0	2
00898d60	276	FUN_00898d60	11
00898e74	120	FUN_00898e74	3
00898eec	120	FUN_00898eec	1
00898f64	120	FUN_00898f64	5
00898fdc	120	FUN_00898fdc	1
00899054	120	FUN_00899054	1
008990cc	120	FUN_008990cc	2
00899144	80	FUN_00899144	3
00899194	11504	FUN_00899194	40
0089bea4	84	FUN_0089bea4	1
0089bef8	60	FUN_0089bef8	2
0089bf34	116	FUN_0089bf34	42
0089bfa8	84	FUN_0089bfa8	2
0089bffc	120	FUN_0089bffc	1
0089c074	304	FUN_0089c074	81
0089c1a4	96	FUN_0089c1a4	1
0089c204	152	FUN_0089c204	1
0089c29c	88	FUN_0089c29c	1
0089c2f4	88	FUN_0089c2f4	1
0089c34c	120	FUN_0089c34c	2
0089c3c4	108	FUN_0089c3c4	9
0089c430	124	FUN_0089c430	9
0089c4ac	68	FUN_0089c4ac	2
0089c4f0	80	FUN_0089c4f0	2
0089c540	56	FUN_0089c540	1
0089c578	84	FUN_0089c578	2
0089c5cc	120	FUN_0089c5cc	1
0089c644	120	FUN_0089c644	2
0089c6bc	108	FUN_0089c6bc	1
0089c728	56	FUN_0089c728	1
0089c760	84	FUN_0089c760	2
0089c7b4	464	FUN_0089c7b4	1
0089c984	88	FUN_0089c984	2
0089c9dc	56	FUN_0089c9dc	1
0089ca14	88	FUN_0089ca14	2
0089ca6c	412	FUN_0089ca6c	1
0089cc08	104	FUN_0089cc08	1
0089cc70	84	FUN_0089cc70	2
0089ccc4	168	FUN_0089ccc4	1
0089cd6c	308	FUN_0089cd6c	1
0089cea0	412	FUN_0089cea0	1
0089d03c	56	FUN_0089d03c	1
0089d074	152	FUN_0089d074	3
0089d10c	60	FUN_0089d10c	2
0089d148	76	FUN_0089d148	2
0089d194	60	FUN_0089d194	1
0089d1d0	56	FUN_0089d1d0	2
0089d208	84	FUN_0089d208	2
0089d25c	336	FUN_0089d25c	3
0089d3ac	328	FUN_0089d3ac	1
0089d4f4	180	FUN_0089d4f4	1
0089d5a8	524	FUN_0089d5a8	5
0089d7b4	588	FUN_0089d7b4	2
0089da00	308	FUN_0089da00	1
0089db34	68	FUN_0089db34	1
0089db78	276	FUN_0089db78	2
0089dc8c	120	FUN_0089dc8c	1
0089dd04	120	FUN_0089dd04	5
0089dd7c	120	FUN_0089dd7c	8
0089ddf4	156	FUN_0089ddf4	1
0089de90	120	FUN_0089de90	1
0089df08	188	FUN_0089df08	3
0089dfc4	14144	FUN_0089dfc4	2
008a1734	1500	FUN_008a1734	2
008a1d14	268	FUN_008a1d14	1
008a1e20	120	FUN_008a1e20	1
008a1e98	120	FUN_008a1e98	1
008a1f10	120	FUN_008a1f10	1
008a1f88	120	FUN_008a1f88	1
008a2000	120	FUN_008a2000	1
008a2078	120	FUN_008a2078	2
008a20f0	120	FUN_008a20f0	1
008a2168	648	FUN_008a2168	1
008a23f0	680	FUN_008a23f0	1
008a2698	120	FUN_008a2698	1
008a2710	120	FUN_008a2710	0
008a2788	120	FUN_008a2788	1
008a2800	120	FUN_008a2800	1
008a2878	68	FUN_008a2878	1
008a28bc	2016	FUN_008a28bc	1
008a309c	132	FUN_008a309c	1
008a3120	2212	FUN_008a3120	1
008a39c4	528	FUN_008a39c4	1
008a3bd4	124	FUN_008a3bd4	1
008a3c50	56	FUN_008a3c50	1
008a3c88	84	FUN_008a3c88	1
008a3cdc	368	FUN_008a3cdc	1
008a3e4c	120	FUN_008a3e4c	2
008a3ec4	160	FUN_008a3ec4	2
008a3f64	80	FUN_008a3f64	2
008a3fb4	284	FUN_008a3fb4	1
008a40d0	44	FUN_008a40d0	2
008a40fc	148	FUN_008a40fc	1
008a4190	336	FUN_008a4190	1
008a42e0	360	FUN_008a42e0	1
008a4448	120	FUN_008a4448	1
008a44c0	124	FUN_008a44c0	1
008a453c	56	FUN_008a453c	1
008a4574	88	FUN_008a4574	1
008b4b3c	108	FUN_008b4b3c	2
008b4ba8	1500	FUN_008b4ba8	1
008b5188	244	FUN_008b5188	7
008b527c	54144	FUN_008b527c	1
008c272c	744	FUN_008c272c	1
008c2a14	464	FUN_008c2a14	1
008c2be4	124	FUN_008c2be4	1
008c2c60	56	FUN_008c2c60	1
008c2c98	84	FUN_008c2c98	1
008c2cec	208	FUN_008c2cec	2
008c2dbc	1624	FUN_008c2dbc	2
008c3420	288	FUN_008c3420	1
008c3540	116	FUN_008c3540	3
008c35b4	328	FUN_008c35b4	1
008c36fc	636	FUN_008c36fc	2
008c3978	680	FUN_008c3978	2
008c3c20	444	FUN_008c3c20	1
008c3ddc	88	FUN_008c3ddc	2
008c3e34	56	FUN_008c3e34	2
008c3e6c	80	FUN_008c3e6c	3
008c3ebc	120	FUN_008c3ebc	1
008c3f34	132	FUN_008c3f34	1
008c3fb8	56	FUN_008c3fb8	1
008c3ff0	84	FUN_008c3ff0	1
008c4044	276	FUN_008c4044	1
008c4158	160	FUN_008c4158	2
008c41f8	68	FUN_008c41f8	1
008c423c	444	FUN_008c423c	1
008c43f8	368	FUN_008c43f8	1
008c4568	232	FUN_008c4568	1
008c4650	180	FUN_008c4650	1
008c4704	140	FUN_008c4704	2
008c4790	80	FUN_008c4790	1
008c47e0	60	FUN_008c47e0	2
008c481c	620	FUN_008c481c	1
008c4a88	64	FUN_008c4a88	3
008c4ac8	256	FUN_008c4ac8	1
008c4bc8	328	FUN_008c4bc8	82
008c4d10	296	FUN_008c4d10	14
008c4e38	392	FUN_008c4e38	9
008c4fc0	56	FUN_008c4fc0	6
008c4ff8	84	FUN_008c4ff8	1
008c504c	120	FUN_008c504c	2
008c50c4	56	FUN_008c50c4	2
008c50fc	84	FUN_008c50fc	1
008c5150	216	FUN_008c5150	1
008c5228	244	FUN_008c5228	2
008c531c	208	FUN_008c531c	4
008c53ec	184	FUN_008c53ec	2
008c54a4	64	FUN_008c54a4	6
008c54e4	64	FUN_008c54e4	1
008c5524	188	FUN_008c5524	1
008c55e0	60	FUN_008c55e0	0
008c561c	68	FUN_008c561c	1
008c5660	636	FUN_008c5660	1
008c58dc	680	FUN_008c58dc	1
008c5b84	280	FUN_008c5b84	2
008c5c9c	120	FUN_008c5c9c	1
008c5d14	64	FUN_008c5d14	1
008c5d54	188	FUN_008c5d54	1
008c5e10	280	FUN_008c5e10	2
008c5f28	120	FUN_008c5f28	1
008c5fa0	328	FUN_008c5fa0	2
008c60e8	76	FUN_008c60e8	1
008c6134	520	FUN_008c6134	4
008c633c	588	FUN_008c633c	1
008c6588	120	FUN_008c6588	7
008c6600	76	FUN_008c6600	1
008c664c	520	FUN_008c664c	1
008c6854	588	FUN_008c6854	1
008c6aa0	276	FUN_008c6aa0	2
008c6bb4	120	FUN_008c6bb4	1
008c6c2c	100	FUN_008c6c2c	2
008c6c90	212	FUN_008c6c90	2
008c6d64	64	FUN_008c6d64	2
008c6da4	188	FUN_008c6da4	2
008c6e60	80	FUN_008c6e60	1
008c6eb0	300	FUN_008c6eb0	4
008c6fdc	72	FUN_008c6fdc	3
008c7024	392	FUN_008c7024	3
008c71ac	12	FUN_008c71ac	1
008c71b8	292	FUN_008c71b8	3
008c72dc	264	FUN_008c72dc	3
008c73e4	160	FUN_008c73e4	4
008c7484	308	FUN_008c7484	1
008c75b8	308	FUN_008c75b8	1
008c76ec	12	FUN_008c76ec	1
008c7710	36	FUN_008c7710	1
008c7750	64	FUN_008c7750	1
008c77a4	64	FUN_008c77a4	1
008c77e4	168	FUN_008c77e4	4
008c788c	148	FUN_008c788c	2
008c7920	548	FUN_008c7920	1
008c7b44	508	FUN_008c7b44	1
008c7d40	800	FUN_008c7d40	2
008c8060	116	FUN_008c8060	1
008c80d4	112	FUN_008c80d4	1
008c8144	12	FUN_008c8144	4
008c8150	64	FUN_008c8150	1
008c81cc	64	FUN_008c81cc	1
008c8240	88	FUN_008c8240	1
008c8298	84	FUN_008c8298	1
008c83ec	128	FUN_008c83ec	1
008c846c	100	FUN_008c846c	1
008c84d0	96	FUN_008c84d0	1
008c86d4	116	FUN_008c86d4	1
008c8748	788	FUN_008c8748	2
008c8a5c	384	FUN_008c8a5c	4
008c8bdc	80	FUN_008c8bdc	3
008c8c2c	452	FUN_008c8c2c	4
008c8df0	60	FUN_008c8df0	2
008c8e2c	44	FUN_008c8e2c	3
008c8e58	12	FUN_008c8e58	3
008c8e64	12	FUN_008c8e64	3
008c8e70	120	FUN_008c8e70	1
008c8ee8	104	FUN_008c8ee8	1
008c8f50	52	FUN_008c8f50	1
008c8f84	132	FUN_008c8f84	1
008c9008	68	FUN_008c9008	1
008c904c	68	FUN_008c904c	8
008c9090	392	FUN_008c9090	1
008c9218	120	FUN_008c9218	1
008c9290	120	FUN_008c9290	1
008c9308	336	FUN_008c9308	1
008c9458	120	FUN_008c9458	1
008c94d0	128	FUN_008c94d0	3
008c9550	108	FUN_008c9550	3
008c95bc	68	FUN_008c95bc	2
008c9600	116	FUN_008c9600	2
008c9674	160	FUN_008c9674	1
008c9714	268	FUN_008c9714	3
008c9820	100	FUN_008c9820	3
008c9884	92	FUN_008c9884	3
008c98e0	12	FUN_008c98e0	1
008c98ec	104	FUN_008c98ec	1
008c9954	64	FUN_008c9954	1
008c9994	12	FUN_008c9994	4
008c99a0	188	FUN_008c99a0	1
008c9a5c	204	FUN_008c9a5c	1
008c9b28	672	FUN_008c9b28	2
008c9dc8	252	FUN_008c9dc8	11
008c9ec4	12	FUN_008c9ec4	3
008c9ed0	196	FUN_008c9ed0	2
008c9f94	88	FUN_008c9f94	1
008c9fec	84	FUN_008c9fec	1
008ca040	120	FUN_008ca040	1
008ca0b8	88	FUN_008ca0b8	1
008ca110	84	FUN_008ca110	1
008ca1ac	64	FUN_008ca1ac	1
008ca234	88	FUN_008ca234	1
008ca28c	84	FUN_008ca28c	1
008ca2e0	260	FUN_008ca2e0	1
008ca3e4	88	FUN_008ca3e4	1
008ca43c	84	FUN_008ca43c	1
008ca528	64	FUN_008ca528	1
008ca568	192	FUN_008ca568	1
008ca628	100	FUN_008ca628	4
008ca68c	432	FUN_008ca68c	6
008ca83c	320	FUN_008ca83c	1
008ca97c	152	FUN_008ca97c	1
008caa14	148	FUN_008caa14	1
008cb400	116	FUN_008cb400	2
008cb474	68	FUN_008cb474	2
008cb4b8	288	FUN_008cb4b8	2
008cb5d8	500	FUN_008cb5d8	1
008cb7cc	372	FUN_008cb7cc	2
008cb940	120	FUN_008cb940	4
008cb9b8	12	FUN_008cb9b8	4
008cb9c4	860	FUN_008cb9c4	1
008cbd20	468	FUN_008cbd20	1
008cbef4	236	FUN_008cbef4	1
008cbfe0	276	FUN_008cbfe0	2
008cc0f4	292	FUN_008cc0f4	2
008cc218	464	FUN_008cc218	3
008cc3e8	832	FUN_008cc3e8	1
008cc728	524	FUN_008cc728	2
008cc934	12	FUN_008cc934	2
008cc940	72	FUN_008cc940	1
008cc988	500	FUN_008cc988	2
008ccb7c	364	FUN_008ccb7c	1
008ccce8	12	FUN_008ccce8	1
008cccf4	316	FUN_008cccf4	1
008cce30	432	FUN_008cce30	1
008ccfe0	456	FUN_008ccfe0	2
008cd1a8	280	FUN_008cd1a8	2
008cd2c0	12	FUN_008cd2c0	1
008cd2cc	120	FUN_008cd2cc	1
008cd344	52	FUN_008cd344	1
008cd378	68	FUN_008cd378	1
008cd3bc	120	FUN_008cd3bc	1
008cd434	64	FUN_008cd434	1
008cd4a4	64	FUN_008cd4a4	1
008cd520	228	FUN_008cd520	4
008cd604	156	FUN_008cd604	4
008cd6a0	12	FUN_008cd6a0	3
008cd6ac	12	FUN_008cd6ac	2
008cd6b8	100	FUN_008cd6b8	3
008cd71c	96	FUN_008cd71c	1
008cd864	96	FUN_008cd864	1
008cd8c4	88	FUN_008cd8c4	2
008cd938	96	FUN_008cd938	1
008cd9e0	12	FUN_008cd9e0	3
008cd9ec	136	FUN_008cd9ec	2
008cda74	280	FUN_008cda74	1
008cdb8c	508	FUN_008cdb8c	1
008cdd88	284	FUN_008cdd88	1
008cdea4	112	FUN_008cdea4	2
008cdf3c	64	FUN_008cdf3c	1
008cdfbc	92	FUN_008cdfbc	2
008ce018	92	FUN_008ce018	2
008ce074	352	FUN_008ce074	2
008ce1d4	188	FUN_008ce1d4	1
008ce290	132	FUN_008ce290	1
008ce314	192	FUN_008ce314	1
008ce3d4	372	FUN_008ce3d4	41
008ce548	396	FUN_008ce548	41
008ce6d4	2144	FUN_008ce6d4	2
008cef34	244	FUN_008cef34	2
008cf028	132	FUN_008cf028	2
008cf0ac	244	FUN_008cf0ac	1
008cf1a0	68	FUN_008cf1a0	1
008cf1e4	436	FUN_008cf1e4	1
008cf398	296	FUN_008cf398	1
008cf4c0	296	FUN_008cf4c0	2
008cf5e8	300	FUN_008cf5e8	2
008cf714	296	FUN_008cf714	2
008cf83c	300	FUN_008cf83c	1
008cf968	116	FUN_008cf968	1
008cf9dc	308	FUN_008cf9dc	2
008cfb10	764	FUN_008cfb10	1
008cfe0c	300	FUN_008cfe0c	2
008cff38	48	FUN_008cff38	1
008cff68	380	FUN_008cff68	1
008d00e4	272	FUN_008d00e4	1
008d01f4	440	FUN_008d01f4	1
008d03ac	120	FUN_008d03ac	1
008d0424	120	FUN_008d0424	1
008d049c	60	FUN_008d049c	80
008d04d8	604	FUN_008d04d8	204
008d0734	588	FUN_008d0734	1
008d0980	68	FUN_008d0980	1
008d09c4	88	FUN_008d09c4	164
008d0a1c	124	FUN_008d0a1c	82
008d0a98	196	FUN_008d0a98	41
008d0b5c	52	FUN_008d0b5c	82
008d0b90	68	FUN_008d0b90	1
008d0bd4	88	FUN_008d0bd4	82
008d0c2c	120	FUN_008d0c2c	41
008d0ca4	104	FUN_008d0ca4	41
008d0d0c	52	FUN_008d0d0c	41
008d0d40	124	FUN_008d0d40	1
008d0dbc	68	FUN_008d0dbc	1
008d0e00	76	FUN_008d0e00	3
008d0e4c	180	FUN_008d0e4c	40
008d0f00	116	FUN_008d0f00	42
008d0f74	112	FUN_008d0f74	40
008d0fe4	324	FUN_008d0fe4	3
008d1128	300	FUN_008d1128	8
008d1254	220	FUN_008d1254	2
008d1330	80	FUN_008d1330	1
008d1380	56	FUN_008d1380	1
008d13b8	84	FUN_008d13b8	1
008d140c	108	FUN_008d140c	1
008d1478	76	FUN_008d1478	2
008d14c4	84	FUN_008d14c4	1
008d1518	36	FUN_008d1518	2
008d153c	40	FUN_008d153c	1
008d1564	4460	FUN_008d1564	1
008d26e8	480	FUN_008d26e8	1
008d294c	64	FUN_008d294c	2
008d298c	312	FUN_008d298c	1
008d2ac4	80	FUN_008d2ac4	1
008d2b14	1940	FUN_008d2b14	1
008d32b0	328	FUN_008d32b0	1
008d33f8	648	FUN_008d33f8	1
008d3680	680	FUN_008d3680	2
008d3928	664	FUN_008d3928	1
008d3bc0	124	FUN_008d3bc0	2
008d3c3c	160	FUN_008d3c3c	1
008d3cdc	36	FUN_008d3cdc	1
008d3d08	12	FUN_008d3d08	2
008d3d14	140	FUN_008d3d14	1
008d3da0	140	FUN_008d3da0	1
008d3e2c	292	FUN_008d3e2c	5
008d3f58	52	FUN_008d3f58	1
008d3fa0	4	FUN_008d3fa0	7
008d3fa4	4	free	7
008d3fbc	52	FUN_008d3fbc	1
008d4004	4	FUN_008d4004	12
008d4008	4	free	12
008d4024	36	FUN_008d4024	1
008d4058	4	FUN_008d4058	2
008d405c	4	free	2
008d6a38	760	FUN_008d6a38	1
008d6d30	284	FUN_008d6d30	1
008d6e4c	160	FUN_008d6e4c	1
008d6ef0	56	FUN_008d6ef0	1
008d6f40	4	FUN_008d6f40	2
008d6f44	4	free	2
008d71c4	380	FUN_008d71c4	2
008d7340	208	FUN_008d7340	2
008d7410	100	FUN_008d7410	1
008d7474	492	FUN_008d7474	1
008d7660	212	FUN_008d7660	4
008d7738	52	FUN_008d7738	1
008d7780	4	FUN_008d7780	2
008d7784	4	free	2
008d7f4c	968	FUN_008d7f4c	2
008d8314	840	FUN_008d8314	1
008d865c	960	FUN_008d865c	1
008d8a1c	352	FUN_008d8a1c	1
008d8b7c	392	FUN_008d8b7c	2
008d8d04	88	FUN_008d8d04	1
008d8d5c	1196	FUN_008d8d5c	1
008d9208	64	FUN_008d9208	1
008d9248	84	FUN_008d9248	3
008d929c	100	FUN_008d929c	5
008d9300	344	FUN_008d9300	1
008d9458	120	FUN_008d9458	1
008d94d0	56	FUN_008d94d0	1
008d9508	84	FUN_008d9508	1
008d955c	76	FUN_008d955c	2
008d95a8	120	FUN_008d95a8	1
008d9620	196	FUN_008d9620	1
008d96e4	52	FUN_008d96e4	1
008d9718	68	FUN_008d9718	1
008d975c	160	FUN_008d975c	2
008d97fc	144	FUN_008d97fc	2
008d988c	144	FUN_008d988c	2
008d991c	120	FUN_008d991c	1
008d9994	160	FUN_008d9994	1
008d9a34	80	FUN_008d9a34	1
008d9a84	260	FUN_008d9a84	1
008d9b88	152	FUN_008d9b88	1
008d9c20	4680	FUN_008d9c20	1
008dae68	416	FUN_008dae68	1
008db008	124	FUN_008db008	1
008db084	104	FUN_008db084	1
008db0ec	52	FUN_008db0ec	1
008db120	220	FUN_008db120	1
008db1fc	68	FUN_008db1fc	1
008db240	84	FUN_008db240	2
008db294	152	FUN_008db294	1
008db32c	388	FUN_008db32c	1
008db4b0	44	FUN_008db4b0	1
008db4dc	416	FUN_008db4dc	1
008db67c	124	FUN_008db67c	1
008db6f8	156	FUN_008db6f8	1
008db794	52	FUN_008db794	1
008db7c8	68	FUN_008db7c8	1
008db80c	68	FUN_008db80c	3
008db850	364	FUN_008db850	1
008db9bc	88	FUN_008db9bc	1
008dba14	56	FUN_008dba14	1
008dba4c	84	FUN_008dba4c	1
008dbaa0	56	FUN_008dbaa0	3
008dbad8	84	FUN_008dbad8	1
008dbb2c	116	FUN_008dbb2c	3
008dbba0	500	FUN_008dbba0	1
008dbd94	520	FUN_008dbd94	1
008dbf9c	220	FUN_008dbf9c	1
008dc078	368	FUN_008dc078	1
008dc1e8	536	FUN_008dc1e8	1
008dc400	180	FUN_008dc400	1
008dc4b4	112	FUN_008dc4b4	1
008dc524	88	FUN_008dc524	1
008dc57c	112	FUN_008dc57c	1
008dc5ec	68	FUN_008dc5ec	1
008dc630	60	FUN_008dc630	1
008dc66c	72	FUN_008dc66c	1
008dc6b4	64	FUN_008dc6b4	1
008dc6f4	156	FUN_008dc6f4	1
008dc794	52	FUN_008dc794	1
008dc7dc	4	FUN_008dc7dc	2
008dc7e0	4	free	2
008dc7e4	652	FUN_008dc7e4	1
008dca70	496	FUN_008dca70	1
008dcc60	56	FUN_008dcc60	1
008dcc98	80	FUN_008dcc98	1
008dcce8	460	FUN_008dcce8	1
008dceb4	112	FUN_008dceb4	1
008dcf24	80	FUN_008dcf24	1
008dcf74	76	FUN_008dcf74	2
008dcfc0	412	FUN_008dcfc0	1
008dd15c	104	FUN_008dd15c	1
008dd1c4	84	FUN_008dd1c4	1
008dd218	160	FUN_008dd218	2
008dd2b8	108	FUN_008dd2b8	1
008dd324	116	FUN_008dd324	1
008dd398	56	FUN_008dd398	1
008dd3d4	52	FUN_008dd3d4	1
008dd41c	4	FUN_008dd41c	2
008dd420	4	free	2
008dd42c	60	FUN_008dd42c	1
008dd468	68	FUN_008dd468	1
008dd4ac	636	FUN_008dd4ac	1
008dd728	680	FUN_008dd728	1
008dd9d0	152	FUN_008dd9d0	2
008dda68	292	FUN_008dda68	6
008ddb8c	524	FUN_008ddb8c	4
008ddd98	56	FUN_008ddd98	0
008dddd0	84	FUN_008dddd0	1
008dde24	16	FUN_008dde24	4
008dde34	152	FUN_008dde34	11
008dded0	40	FUN_008dded0	11
008ddef8	28	FUN_008ddef8	5
008ddf18	36	FUN_008ddf18	4
008ddf3c	12	FUN_008ddf3c	7
008ddf48	24	FUN_008ddf48	3
008ddf60	24	FUN_008ddf60	3
008ddf78	68	FUN_008ddf78	5
008ddfbc	76	FUN_008ddfbc	3
008de008	316	FUN_008de008	3
008de144	188	FUN_008de144	3
008de200	32	FUN_008de200	3
008de220	400	FUN_008de220	6
008de3cc	488	FUN_008de3cc	3
008de660	88	FUN_008de660	3
008de6b8	104	FUN_008de6b8	3
008de720	84	FUN_008de720	6
008de774	56	FUN_008de774	3
008de7ac	120	FUN_008de7ac	3
008de824	128	FUN_008de824	3
008de8a4	112	FUN_008de8a4	3
008de914	8	free	3
008de91c	240	FUN_008de91c	3
008dea78	84	FUN_008dea78	3
008deacc	56	FUN_008deacc	3
008deb04	16	FUN_008deb04	3
008deb14	400	FUN_008deb14	3
008deca4	144	FUN_008deca4	3
008ded50	8	thunk_FUN_0091a780	5
008ded58	44	FUN_008ded58	3
008ded84	16	FUN_008ded84	4
008ded94	164	FUN_008ded94	3
008dee4c	180	FUN_008dee4c	5
008def14	72	FUN_008def14	3
008def5c	240	FUN_008def5c	3
008df070	196	FUN_008df070	3
008df134	20	FUN_008df134	3
008df148	112	FUN_008df148	3
008df1b8	36	FUN_008df1b8	5
008df1dc	60	FUN_008df1dc	3
008df230	92	FUN_008df230	3
008df28c	44	FUN_008df28c	3
008df2b8	28	FUN_008df2b8	5
008df2d8	72	FUN_008df2d8	4
008df328	1824	FUN_008df328	24
008dfa48	84	FUN_008dfa48	3
008dfa9c	56	FUN_008dfa9c	3
008dfad4	8	thunk_FUN_008dfadc	204
008dfadc	136	FUN_008dfadc	30
008dfb68	44	FUN_008dfb68	2
008dfb94	8	thunk_FUN_008dfadc	2
008dfb9c	44	FUN_008dfb9c	2
008dfbc8	24	FUN_008dfbc8	207
008dfbe0	60	FUN_008dfbe0	3
008dfc1c	72	FUN_008dfc1c	190
008dfc64	8	FUN_008dfc64	4
008dfc6c	8	FUN_008dfc6c	6
008dfc74	16	FUN_008dfc74	5
008dfc84	16	FUN_008dfc84	5
008dfc94	12	FUN_008dfc94	5
008dfca0	12	FUN_008dfca0	7
008dfcac	208	FUN_008dfcac	7
008dfd7c	12	FUN_008dfd7c	4
008dfd88	72	FUN_008dfd88	6
008dfdd0	12	FUN_008dfdd0	4
008dfddc	208	FUN_008dfddc	6
008dfeac	12	FUN_008dfeac	4
008dfeb8	24	FUN_008dfeb8	7
008dfed0	60	FUN_008dfed0	3
008dff0c	72	FUN_008dff0c	4
008dff54	8	FUN_008dff54	3
008dff5c	8	FUN_008dff5c	5
008dff64	16	FUN_008dff64	5
008dff74	16	FUN_008dff74	5
008dff84	12	FUN_008dff84	4
008dff90	12	FUN_008dff90	5
008dff9c	216	FUN_008dff9c	5
008e0078	12	FUN_008e0078	4
008e0084	68	FUN_008e0084	4
008e00c8	12	FUN_008e00c8	4
008e00d4	216	FUN_008e00d4	4
008e01b0	12	FUN_008e01b0	4
008e01bc	8	FUN_008e01bc	92
008e01c4	12	FUN_008e01c4	3
008e01d0	24	FUN_008e01d0	3
008e01e8	48	FUN_008e01e8	3
008e0218	56	FUN_008e0218	3
008e0250	528	FUN_008e0250	4
008e0474	240	FUN_008e0474	8
008e05c0	16	FUN_008e05c0	129
008e05d0	12	FUN_008e05d0	3
008e05dc	24	FUN_008e05dc	3
008e05f4	48	FUN_008e05f4	3
008e0624	56	FUN_008e0624	3
008e065c	240	FUN_008e065c	5
008e07a8	8	FUN_008e07a8	110
008e07b0	12	FUN_008e07b0	3
008e07bc	24	FUN_008e07bc	3
008e07d4	48	FUN_008e07d4	3
008e0804	56	FUN_008e0804	3
008e083c	184	FUN_008e083c	5
008e08f8	420	FUN_008e08f8	3
008e0b10	388	FUN_008e0b10	15
008e0d08	12	FUN_008e0d08	3
008e0d14	24	FUN_008e0d14	3
008e0d2c	48	FUN_008e0d2c	3
008e0d5c	56	FUN_008e0d5c	3
008e0d94	184	FUN_008e0d94	3
008e0e50	8	FUN_008e0e50	6
008e0e58	12	FUN_008e0e58	2
008e0e64	12	FUN_008e0e64	2
008e0e70	24	FUN_008e0e70	2
008e0e88	48	FUN_008e0e88	2
008e0eb8	48	FUN_008e0eb8	2
008e0ee8	56	FUN_008e0ee8	2
008e0f20	16	FUN_008e0f20	3
008e0f30	128	FUN_008e0f30	3
008e0fb0	8	thunk_FUN_0091a844	5
008e0fb8	44	FUN_008e0fb8	3
008e0fe4	44	FUN_008e0fe4	3
008e1010	68	FUN_008e1010	6
008e1054	200	FUN_008e1054	10
008e1130	76	FUN_008e1130	196
008e117c	44	FUN_008e117c	3
008e11a8	964	FUN_008e11a8	3
008e161c	180	FUN_008e161c	4
008e16ec	180	FUN_008e16ec	4
008e17bc	72	FUN_008e17bc	4
008e180c	44	FUN_008e180c	3
008e1838	128	FUN_008e1838	4
008e18b8	12	FUN_008e18b8	2
008e18c4	12	FUN_008e18c4	3
008e18d0	292	FUN_008e18d0	3
008e19f4	408	FUN_008e19f4	4
008e1b8c	44	FUN_008e1b8c	3
008e1bb8	128	FUN_008e1bb8	4
008e1c38	12	FUN_008e1c38	2
008e1c44	12	FUN_008e1c44	3
008e1c50	292	FUN_008e1c50	3
008e1d74	408	FUN_008e1d74	4
008e1f0c	44	FUN_008e1f0c	3
008e1f38	92	FUN_008e1f38	3
008e1f94	208	FUN_008e1f94	3
008e2064	164	FUN_008e2064	3
008e2108	324	FUN_008e2108	3
008e224c	44	FUN_008e224c	3
008e2278	92	FUN_008e2278	3
008e22d4	208	FUN_008e22d4	3
008e23a4	164	FUN_008e23a4	3
008e2448	328	FUN_008e2448	3
008e2590	120	_INIT_42	4
008e2620	8	thunk_FUN_008fff40	3
008e2628	44	FUN_008e2628	3
008e2654	100	FUN_008e2654	3
008e26b8	172	FUN_008e26b8	3
008e2764	56	FUN_008e2764	3
008e279c	8	thunk_FUN_008fff40	3
008e27a4	44	FUN_008e27a4	3
008e27d0	88	FUN_008e27d0	3
008e2828	188	FUN_008e2828	3
008e28e4	56	FUN_008e28e4	3
008e291c	608	FUN_008e291c	3
008e2bd4	1096	FUN_008e2bd4	8
008e3048	8	thunk_FUN_008e3050	3
008e3050	1108	FUN_008e3050	3
008e34ec	8	thunk_FUN_008e34f4	3
008e34f4	1108	FUN_008e34f4	3
008e3990	8	thunk_FUN_008e3998	3
008e3998	1108	FUN_008e3998	3
008e3e34	8	thunk_FUN_008e3e3c	3
008e3e3c	1108	FUN_008e3e3c	3
008e42d8	8	thunk_FUN_008e42e0	3
008e42e0	1108	FUN_008e42e0	3
008e477c	8	thunk_FUN_008e4784	3
008e4784	1108	FUN_008e4784	3
008e4c20	8	thunk_FUN_008e4c28	3
008e4c28	1080	FUN_008e4c28	3
008e50a8	8	thunk_FUN_008e50b0	3
008e50b0	1080	FUN_008e50b0	3
008e5530	8	thunk_FUN_008e5538	3
008e5538	1080	FUN_008e5538	3
008e59b8	1016	FUN_008e59b8	3
008e5e34	772	FUN_008e5e34	9
008e6138	220	FUN_008e6138	4
008e6218	608	FUN_008e6218	3
008e64d0	1156	FUN_008e64d0	8
008e6980	8	thunk_FUN_008e6988	3
008e6988	1160	FUN_008e6988	3
008e6e58	8	thunk_FUN_008e6e60	3
008e6e60	1160	FUN_008e6e60	3
008e7330	8	thunk_FUN_008e7338	3
008e7338	1160	FUN_008e7338	3
008e7808	8	thunk_FUN_008e7810	3
008e7810	1160	FUN_008e7810	3
008e7ce0	8	thunk_FUN_008e7ce8	3
008e7ce8	1160	FUN_008e7ce8	3
008e81b8	8	thunk_FUN_008e81c0	3
008e81c0	1160	FUN_008e81c0	3
008e8690	8	thunk_FUN_008e8698	3
008e8698	1136	FUN_008e8698	3
008e8b50	8	thunk_FUN_008e8b58	3
008e8b58	1136	FUN_008e8b58	3
008e9010	8	thunk_FUN_008e9018	3
008e9018	1136	FUN_008e9018	3
008e94d0	1072	FUN_008e94d0	3
008e9984	868	FUN_008e9984	9
008e9ce8	432	FUN_008e9ce8	5
008e9eb0	996	FUN_008e9eb0	5
008ea294	408	FUN_008ea294	8
008ea444	432	FUN_008ea444	5
008ea60c	1116	FUN_008ea60c	5
008eaa68	408	FUN_008eaa68	8
008eac18	464	FUN_008eac18	3
008eae18	580	FUN_008eae18	3
008eb088	232	FUN_008eb088	20
008eb188	1016	FUN_008eb188	6
008eb5a8	576	FUN_008eb5a8	3
008eb814	580	FUN_008eb814	3
008eba84	576	FUN_008eba84	3
008ebcf0	996	FUN_008ebcf0	3
008ec14c	224	FUN_008ec14c	12
008ec244	1484	FUN_008ec244	4
008ec85c	1008	FUN_008ec85c	3
008eccc4	564	FUN_008eccc4	3
008ecf24	476	FUN_008ecf24	3
008ed130	596	FUN_008ed130	3
008ed3b0	1004	FUN_008ed3b0	6
008ed7c4	432	FUN_008ed7c4	11
008ed994	592	FUN_008ed994	3
008edc10	596	FUN_008edc10	3
008ede90	592	FUN_008ede90	3
008ee10c	996	FUN_008ee10c	3
008ee568	1488	FUN_008ee568	4
008eeb84	1008	FUN_008eeb84	3
008eefec	564	FUN_008eefec	3
008ef24c	1196	FUN_008ef24c	5
008ef70c	12	FUN_008ef70c	3
008ef718	108	FUN_008ef718	3
008ef784	140	FUN_008ef784	3
008ef810	376	FUN_008ef810	3
008ef99c	372	FUN_008ef99c	3
008efb24	304	FUN_008efb24	3
008efc68	1680	FUN_008efc68	3
008f030c	424	FUN_008f030c	3
008f04b4	456	FUN_008f04b4	3
008f067c	796	FUN_008f067c	13
008f0998	1292	FUN_008f0998	5
008f0eb8	12	FUN_008f0eb8	3
008f0ec4	104	FUN_008f0ec4	3
008f0f2c	144	FUN_008f0f2c	3
008f0fbc	376	FUN_008f0fbc	3
008f1148	372	FUN_008f1148	3
008f12d0	304	FUN_008f12d0	3
008f1414	1664	FUN_008f1414	3
008f1aa8	512	FUN_008f1aa8	3
008f1ca8	520	FUN_008f1ca8	3
008f1eb0	904	FUN_008f1eb0	13
008f2238	236	FUN_008f2238	3
008f2324	228	FUN_008f2324	3
008f2408	256	FUN_008f2408	3
008f2520	12	FUN_008f2520	3
008f252c	12	FUN_008f252c	3
008f2538	16	FUN_008f2538	3
008f2548	16	FUN_008f2548	3
008f2558	16	FUN_008f2558	3
008f2568	20	FUN_008f2568	3
008f257c	12	FUN_008f257c	3
008f2588	16	FUN_008f2588	3
008f2598	16	FUN_008f2598	3
008f25a8	12	FUN_008f25a8	3
008f25b4	12	FUN_008f25b4	3
008f25c0	16	FUN_008f25c0	3
008f25d0	16	FUN_008f25d0	3
008f25e0	16	FUN_008f25e0	3
008f25f0	20	FUN_008f25f0	3
008f2604	12	FUN_008f2604	3
008f2610	16	FUN_008f2610	3
008f2620	16	FUN_008f2620	3
008f2630	12	FUN_008f2630	3
008f263c	12	FUN_008f263c	3
008f2648	16	FUN_008f2648	3
008f2658	16	FUN_008f2658	3
008f2668	16	FUN_008f2668	3
008f2678	64	FUN_008f2678	3
008f26bc	12	FUN_008f26bc	3
008f26c8	16	FUN_008f26c8	3
008f26d8	16	FUN_008f26d8	3
008f26e8	12	FUN_008f26e8	3
008f26f4	12	FUN_008f26f4	3
008f2700	16	FUN_008f2700	3
008f2710	16	FUN_008f2710	3
008f2720	16	FUN_008f2720	3
008f2730	64	FUN_008f2730	3
008f2774	12	FUN_008f2774	3
008f2780	16	FUN_008f2780	3
008f2790	16	FUN_008f2790	3
008f27a0	944	FUN_008f27a0	3
008f2bb8	8	FUN_008f2bb8	15
008f2bc0	4424	FUN_008f2bc0	4
008f3df4	84	FUN_008f3df4	7
008f3e48	656	FUN_008f3e48	3
008f4124	608	FUN_008f4124	3
008f4384	984	FUN_008f4384	3
008f47c4	4720	FUN_008f47c4	4
008f5b24	680	FUN_008f5b24	3
008f5e18	608	FUN_008f5e18	3
008f6078	972	FUN_008f6078	3
008f652c	176	FUN_008f652c	4
008f65dc	588	FUN_008f65dc	4
008f6828	1244	FUN_008f6828	4
008f6d04	812	FUN_008f6d04	3
008f70bc	980	FUN_008f70bc	3
008f757c	588	FUN_008f757c	4
008f77c8	1256	FUN_008f77c8	4
008f7cb0	820	FUN_008f7cb0	3
008f8070	12	FUN_008f8070	3
008f807c	16	FUN_008f807c	3
008f808c	8	FUN_008f808c	3
008f8094	12	FUN_008f8094	3
008f80a0	16	FUN_008f80a0	3
008f80b0	8	FUN_008f80b0	3
008f80b8	1372	FUN_008f80b8	3
008f86b8	272	FUN_008f86b8	3
008f87e0	272	FUN_008f87e0	3
008f8908	272	FUN_008f8908	3
008f8a30	272	FUN_008f8a30	3
008f8b58	272	FUN_008f8b58	3
008f8c80	272	FUN_008f8c80	3
008f8da8	272	FUN_008f8da8	3
008f8ed0	272	FUN_008f8ed0	3
008f8ff8	272	FUN_008f8ff8	3
008f9120	272	FUN_008f9120	3
008f9248	272	FUN_008f9248	3
008f9370	272	FUN_008f9370	3
008f9498	272	FUN_008f9498	3
008f95c0	272	FUN_008f95c0	3
008f96e8	272	FUN_008f96e8	3
008f9810	272	FUN_008f9810	3
008f9938	272	FUN_008f9938	3
008f9a60	272	FUN_008f9a60	3
008f9b88	272	FUN_008f9b88	3
008f9cb0	272	FUN_008f9cb0	3
008f9dd8	272	FUN_008f9dd8	3
008f9f00	272	FUN_008f9f00	3
008fa028	272	FUN_008fa028	3
008fa150	272	FUN_008fa150	3
008fa278	272	FUN_008fa278	3
008fa3a0	272	FUN_008fa3a0	3
008fa4c8	272	FUN_008fa4c8	3
008fa5f0	272	FUN_008fa5f0	3
008fa718	168	FUN_008fa718	4
008fa7c0	44	FUN_008fa7c0	3
008fa7ec	148	FUN_008fa7ec	3
008fa898	116	FUN_008fa898	6
008fa924	24	FUN_008fa924	21
008fa93c	12	FUN_008fa93c	158
008fa948	20	FUN_008fa948	3
008fa95c	196	FUN_008fa95c	3
008faa20	188	FUN_008faa20	100
008faadc	44	FUN_008faadc	3
008fab08	16	FUN_008fab08	32
008fab18	60	FUN_008fab18	85
008fab54	44	FUN_008fab54	3
008fab80	44	FUN_008fab80	3
008fabac	76	FUN_008fabac	3
008fabf8	76	FUN_008fabf8	3
008fac44	68	FUN_008fac44	3
008fac88	148	FUN_008fac88	3
008fad34	200	FUN_008fad34	3
008fae14	148	FUN_008fae14	3
008faec0	200	FUN_008faec0	3
008fafa0	12	FUN_008fafa0	3
008fafac	156	FUN_008fafac	3
008fb048	16	FUN_008fb048	3
008fb058	220	FUN_008fb058	3
008fb134	76	FUN_008fb134	3
008fb180	84	FUN_008fb180	3
008fb1d4	144	FUN_008fb1d4	3
008fb27c	196	FUN_008fb27c	3
008fb358	144	FUN_008fb358	3
008fb400	196	FUN_008fb400	3
008fb4dc	12	FUN_008fb4dc	3
008fb4e8	220	FUN_008fb4e8	3
008fb5c4	20	FUN_008fb5c4	3
008fb5d8	256	FUN_008fb5d8	3
008fb6d8	44	FUN_008fb6d8	3
008fb704	20	FUN_008fb704	3
008fb718	20	FUN_008fb718	3
008fb72c	16	FUN_008fb72c	3
008fb73c	12	FUN_008fb73c	3
008fb748	12	FUN_008fb748	3
008fb754	20	FUN_008fb754	3
008fb768	12	FUN_008fb768	3
008fb774	44	FUN_008fb774	3
008fb7a0	732	FUN_008fb7a0	3
008fbad4	668	FUN_008fbad4	3
008fbdc8	264	FUN_008fbdc8	3
008fbef0	200	FUN_008fbef0	3
008fbfdc	12	FUN_008fbfdc	3
008fbfe8	220	FUN_008fbfe8	3
008fc0e4	132	FUN_008fc0e4	3
008fc184	44	FUN_008fc184	3
008fc1b0	144	FUN_008fc1b0	3
008fc240	544	FUN_008fc240	3
008fc460	144	FUN_008fc460	3
008fc4f0	628	FUN_008fc4f0	3
008fc764	16	FUN_008fc764	3
008fc774	12	FUN_008fc774	3
008fc780	12	FUN_008fc780	3
008fc78c	28	FUN_008fc78c	3
008fc7a8	548	FUN_008fc7a8	3
008fc9cc	12	FUN_008fc9cc	3
008fc9d8	44	FUN_008fc9d8	3
008fca04	296	FUN_008fca04	3
008fcb2c	144	FUN_008fcb2c	3
008fcbbc	564	FUN_008fcbbc	3
008fcdf0	16	FUN_008fcdf0	3
008fce00	12	FUN_008fce00	3
008fce0c	12	FUN_008fce0c	3
008fce18	28	FUN_008fce18	3
008fce34	516	FUN_008fce34	3
008fd038	12	FUN_008fd038	3
008fd044	72	FUN_008fd044	3
008fd08c	80	FUN_008fd08c	3
008fd0dc	72	FUN_008fd0dc	3
008fd124	80	FUN_008fd124	3
008fd174	12	FUN_008fd174	3
008fd180	12	FUN_008fd180	3
008fd18c	12	FUN_008fd18c	3
008fd198	12	FUN_008fd198	3
008fd1a4	16	FUN_008fd1a4	3
008fd1b4	16	FUN_008fd1b4	3
008fd1c4	32	FUN_008fd1c4	3
008fd1e4	20	FUN_008fd1e4	3
008fd1f8	156	FUN_008fd1f8	8
008fd298	36	FUN_008fd298	3
008fd2bc	20	FUN_008fd2bc	3
008fd2d0	104	FUN_008fd2d0	3
008fd350	380	FUN_008fd350	3
008fd4cc	104	FUN_008fd4cc	3
008fd54c	380	FUN_008fd54c	3
008fd6c8	104	FUN_008fd6c8	3
008fd748	512	FUN_008fd748	3
008fd948	104	FUN_008fd948	3
008fd9c8	512	FUN_008fd9c8	3
008fdbc8	104	FUN_008fdbc8	3
008fdc48	152	FUN_008fdc48	3
008fdce0	104	FUN_008fdce0	3
008fdd60	152	FUN_008fdd60	3
008fddf8	136	FUN_008fddf8	3
008fde98	136	FUN_008fde98	3
008fdf38	136	FUN_008fdf38	3
008fdfd8	136	FUN_008fdfd8	3
008fe078	136	FUN_008fe078	3
008fe118	136	FUN_008fe118	3
008fe1b8	136	FUN_008fe1b8	3
008fe258	136	FUN_008fe258	3
008fe2f8	144	FUN_008fe2f8	6
008fe3a4	164	FUN_008fe3a4	4
008fe470	44	FUN_008fe470	3
008fe49c	44	FUN_008fe49c	3
008fe4c8	44	FUN_008fe4c8	3
008fe4f4	44	FUN_008fe4f4	3
008fe520	8	thunk_FUN_008fff40	3
008fe528	44	FUN_008fe528	3
008fe554	8	thunk_FUN_008fff40	3
008fe55c	44	FUN_008fe55c	3
008fe588	56	FUN_008fe588	3
008fe5c0	48	FUN_008fe5c0	3
008fe5f0	56	FUN_008fe5f0	3
008fe628	48	FUN_008fe628	3
008fe658	44	FUN_008fe658	3
008fe684	44	FUN_008fe684	3
008fe6b0	44	FUN_008fe6b0	3
008fe6dc	8	thunk_FUN_008fff40	21
008fe6e4	44	FUN_008fe6e4	3
008fe710	44	FUN_008fe710	3
008fe73c	44	FUN_008fe73c	3
008fe768	44	FUN_008fe768	3
008fe794	44	FUN_008fe794	3
008fe7c0	44	FUN_008fe7c0	3
008fe7ec	44	FUN_008fe7ec	3
008fe818	36	FUN_008fe818	2
008fe840	368	FUN_008fe840	3
008fe9b0	368	FUN_008fe9b0	3
008feb20	80	FUN_008feb20	3
008feb70	80	FUN_008feb70	3
008febc0	80	FUN_008febc0	3
008fec10	80	FUN_008fec10	3
008fec60	344	FUN_008fec60	30
008fedb8	40	FUN_008fedb8	80
008fede0	308	FUN_008fede0	4
008fef2c	308	FUN_008fef2c	4
008ff078	360	FUN_008ff078	4
008ff1f8	356	FUN_008ff1f8	4
008ff374	344	FUN_008ff374	4
008ff4e4	344	FUN_008ff4e4	4
008ff654	296	FUN_008ff654	4
008ff794	296	FUN_008ff794	4
008ff8d4	308	FUN_008ff8d4	4
008ffa20	608	FUN_008ffa20	3
008ffc9c	648	FUN_008ffc9c	3
008fff40	8	FUN_008fff40	51
008fff48	36	FUN_008fff48	34
008fff6c	80	FUN_008fff6c	79
008fffbc	124	FUN_008fffbc	4
00900038	88	FUN_00900038	46
00900090	12	FUN_00900090	5
0090009c	44	FUN_0090009c	8
009000c8	28	FUN_009000c8	12
009000e8	236	FUN_009000e8	80
00900218	28	FUN_00900218	7
00900238	56	FUN_00900238	30
00900270	108	FUN_00900270	243
009002dc	8	thunk_FUN_00900270	94
009002e4	28	FUN_009002e4	3
00900314	8	free	2373
0090031c	8	free	81
00900324	180	FUN_00900324	5
009003f4	32	FUN_009003f4	5
00900418	192	FUN_00900418	5
009004d8	164	FUN_009004d8	4
00900598	196	FUN_00900598	3
0090065c	76	FUN_0090065c	3
009006a8	132	FUN_009006a8	8
00900740	120	FUN_00900740	4
009007cc	132	FUN_009007cc	4
00900864	120	FUN_00900864	4
009008f0	24	FUN_009008f0	37
00900908	24	FUN_00900908	5
00900920	320	FUN_00900920	10
00900a60	172	FUN_00900a60	484
00900b0c	24	FUN_00900b0c	11
00900b24	280	FUN_00900b24	8
00900c3c	52	FUN_00900c3c	11
00900c70	284	FUN_00900c70	7
00900d8c	196	FUN_00900d8c	3
00900e50	288	FUN_00900e50	3
00900f8c	204	FUN_00900f8c	89
00901058	204	FUN_00901058	208
00901124	112	FUN_00901124	4
00901194	76	FUN_00901194	3
009011e0	180	FUN_009011e0	12
00901294	220	FUN_00901294	3
00901370	136	FUN_00901370	5
009013f8	204	FUN_009013f8	50
009014c4	268	FUN_009014c4	32
009015d0	224	FUN_009015d0	11
009016b0	100	FUN_009016b0	71
00901714	348	FUN_00901714	4
0090187c	164	FUN_0090187c	3
00901924	24	FUN_00901924	7
0090193c	308	FUN_0090193c	4
00901a74	200	FUN_00901a74	3
00901b40	208	FUN_00901b40	3
00901c14	176	FUN_00901c14	5
00901cc4	60	FUN_00901cc4	42
00901d00	368	FUN_00901d00	4
00901e8c	228	FUN_00901e8c	44
00901fcc	140	FUN_00901fcc	122
00902074	400	FUN_00902074	3
00902268	316	FUN_00902268	8
009023a4	316	FUN_009023a4	40
009024e0	316	FUN_009024e0	3
0090261c	356	FUN_0090261c	4
009027b4	372	FUN_009027b4	7
00902944	212	FUN_00902944	3
00902a18	444	FUN_00902a18	5
00902bd4	596	FUN_00902bd4	4
00902e28	24	FUN_00902e28	4
00902e40	8	FUN_00902e40	3
00902e48	20	FUN_00902e48	6
00902e5c	76	FUN_00902e5c	7
00902ea8	36	FUN_00902ea8	7
00902ecc	304	FUN_00902ecc	5
00902ffc	16	FUN_00902ffc	3
0090300c	116	FUN_0090300c	3
00903080	96	FUN_00903080	3
009030e0	16	FUN_009030e0	3
009030f0	112	FUN_009030f0	3
00903160	252	FUN_00903160	3
0090325c	96	FUN_0090325c	4
009032bc	28	FUN_009032bc	3
009032d8	244	FUN_009032d8	4
009033e8	176	FUN_009033e8	3
009034e4	296	FUN_009034e4	4
00903658	8	thunk_FUN_0091a844	9
00903660	44	FUN_00903660	3
0090368c	152	FUN_0090368c	14
00903738	8	FUN_00903738	12
00903740	8	free	3
00903748	8	free	3
00903750	168	FUN_00903750	3
009037f8	36	FUN_009037f8	7
0090381c	72	FUN_0090381c	5
00903864	100	FUN_00903864	5
009038e0	52	FUN_009038e0	3
00903914	168	FUN_00903914	4
009039d8	28	FUN_009039d8	2
009039f4	28	FUN_009039f4	2
00903a10	60	FUN_00903a10	5
00903a4c	68	FUN_00903a4c	3
00903a90	76	FUN_00903a90	3
00903adc	24	FUN_00903adc	161
00903af4	12	FUN_00903af4	8
00903b00	36	FUN_00903b00	6
00903b24	80	FUN_00903b24	18
00903b78	32	FUN_00903b78	7
00903b9c	128	FUN_00903b9c	18
00903c1c	28	FUN_00903c1c	3
00903c38	100	FUN_00903c38	3
00903ca0	36	FUN_00903ca0	3
00903cc4	156	FUN_00903cc4	17
00903d64	220	FUN_00903d64	9
00903e48	84	FUN_00903e48	3
00903ea4	236	FUN_00903ea4	3
00903f90	44	FUN_00903f90	3
00903fbc	284	FUN_00903fbc	3
009040dc	112	FUN_009040dc	3
00904150	36	FUN_00904150	3
00904178	36	FUN_00904178	8
0090419c	36	FUN_0090419c	7
009041c0	284	FUN_009041c0	156
00904318	172	FUN_00904318	155
009043c8	160	FUN_009043c8	2
0090446c	244	FUN_0090446c	18
00904560	20	FUN_00904560	5
00904574	64	FUN_00904574	192
009045b8	28	FUN_009045b8	3
009045d4	20	FUN_009045d4	5
009045e8	32	FUN_009045e8	14
0090462c	20	FUN_0090462c	3
00904640	292	FUN_00904640	5
00904764	32	FUN_00904764	4
00904784	1636	FUN_00904784	3
00904dfc	208	FUN_00904dfc	2
00904ecc	2044	FUN_00904ecc	9
009056c8	152	FUN_009056c8	5
00905760	168	FUN_00905760	4
00905808	4016	FUN_00905808	44
009067b8	2692	FUN_009067b8	12
0090723c	496	FUN_0090723c	7
0090742c	196	FUN_0090742c	25
009074f0	144	FUN_009074f0	3
00907580	216	FUN_00907580	3
00907658	160	FUN_00907658	3
009076f8	160	FUN_009076f8	3
00907798	160	FUN_00907798	3
00907838	160	FUN_00907838	3
009078d8	476	FUN_009078d8	5
00907ab4	160	FUN_00907ab4	3
00907b54	152	FUN_00907b54	3
00907bec	160	FUN_00907bec	3
00907c8c	160	FUN_00907c8c	3
00907d2c	160	FUN_00907d2c	3
00907dcc	12	FUN_00907dcc	68
00907dd8	12	FUN_00907dd8	73
00907de4	12	FUN_00907de4	72
00907df0	8	FUN_00907df0	75
00907df8	224	FUN_00907df8	3
00907ed8	8	FUN_00907ed8	65
00907ee0	16	FUN_00907ee0	69
00907ef0	8	free	3
00907ef8	364	FUN_00907ef8	3
00908064	8	free	3
0090806c	912	FUN_0090806c	6
009083fc	1116	FUN_009083fc	11
00908878	152	FUN_00908878	5
00908910	884	FUN_00908910	7
00908c84	288	FUN_00908c84	5
00908da4	380	FUN_00908da4	5
00908f20	492	FUN_00908f20	5
0090910c	148	FUN_0090910c	3
009091a0	16	FUN_009091a0	3
009091b0	8	free	3
009091b8	256	FUN_009091b8	3
009092b8	20	FUN_009092b8	3
009092cc	8	free	3
009092d4	196	FUN_009092d4	6
00909398	156	FUN_00909398	3
00909434	112	FUN_00909434	3
009094ac	112	FUN_009094ac	3
00909524	112	FUN_00909524	3
0090959c	80	FUN_0090959c	3
009095f4	72	FUN_009095f4	3
00909644	72	FUN_00909644	3
00909694	8	free	3
0090969c	4036	FUN_0090969c	48
0090a660	184	FUN_0090a660	3
0090a718	2380	FUN_0090a718	4
0090b064	740	FUN_0090b064	4
0090b348	1228	FUN_0090b348	3
0090b814	184	FUN_0090b814	3
0090b8cc	168	FUN_0090b8cc	3
0090b974	168	FUN_0090b974	3
0090ba1c	156	FUN_0090ba1c	3
0090bab8	616	FUN_0090bab8	3
0090bd28	176	FUN_0090bd28	3
0090bdd8	168	FUN_0090bdd8	3
0090be80	1348	FUN_0090be80	3
0090c3c4	184	FUN_0090c3c4	3
0090c47c	168	FUN_0090c47c	3
0090c524	152	FUN_0090c524	3
0090c5bc	564	FUN_0090c5bc	7
0090c7f0	148	FUN_0090c7f0	3
0090c884	168	FUN_0090c884	3
0090c92c	792	FUN_0090c92c	3
0090cc44	176	FUN_0090cc44	3
0090ccf4	172	FUN_0090ccf4	3
0090cda0	168	FUN_0090cda0	3
0090ce48	168	FUN_0090ce48	3
0090cef0	144	FUN_0090cef0	4
0090cf80	184	FUN_0090cf80	3
0090d038	144	FUN_0090d038	3
0090d0c8	176	FUN_0090d0c8	3
0090d178	144	FUN_0090d178	3
0090d208	156	FUN_0090d208	3
0090d2a4	156	FUN_0090d2a4	3
0090d340	144	FUN_0090d340	3
0090d3d0	144	FUN_0090d3d0	3
0090d460	348	FUN_0090d460	3
0090d5bc	152	FUN_0090d5bc	3
0090d654	144	FUN_0090d654	3
0090d6e4	156	FUN_0090d6e4	4
0090d780	1404	FUN_0090d780	4
0090dd38	144	FUN_0090dd38	3
0090ddc8	156	FUN_0090ddc8	3
0090de64	676	FUN_0090de64	3
0090e108	8	free	3
0090e110	184	FUN_0090e110	3
0090e1c8	8	free	3
0090e1d0	492	FUN_0090e1d0	3
0090e3bc	8	free	3
0090e3c4	172	FUN_0090e3c4	5
0090e470	520	FUN_0090e470	3
0090e678	8	free	3
0090e680	636	FUN_0090e680	3
0090e8fc	8	free	3
0090e904	260	FUN_0090e904	3
0090ea08	8	free	3
0090ea10	1284	FUN_0090ea10	5
0090ef44	156	FUN_0090ef44	3
0090efe0	324	FUN_0090efe0	3
0090f124	8	free	3
0090f12c	196	FUN_0090f12c	6
0090f1f0	628	FUN_0090f1f0	3
0090f464	8	free	3
0090f46c	140	FUN_0090f46c	3
0090f4f8	100	FUN_0090f4f8	3
0090f55c	8	free	3
0090f564	180	FUN_0090f564	3
0090f618	116	FUN_0090f618	3
0090f68c	8	free	3
0090f694	260	FUN_0090f694	3
0090f798	100	FUN_0090f798	3
0090f7fc	8	free	3
0090f804	288	FUN_0090f804	18
0090f924	148	FUN_0090f924	3
0090f9b8	20	FUN_0090f9b8	3
0090f9cc	8	free	3
0090f9d4	340	FUN_0090f9d4	3
0090fb28	8	free	3
0090fb30	400	FUN_0090fb30	4
0090fcc0	248	FUN_0090fcc0	3
0090fdb8	8	free	3
0090fdc0	368	FUN_0090fdc0	3
0090ff30	8	free	3
0090ff38	232	FUN_0090ff38	3
00910020	8	FUN_00910020	77
00910028	8	free	3
00910030	1452	FUN_00910030	3
009105dc	8	free	3
009105e4	292	FUN_009105e4	4
00910708	480	FUN_00910708	5
009108f4	8	free	3
009108fc	872	FUN_009108fc	3
00910c64	8	free	3
00910c6c	372	FUN_00910c6c	3
00910de0	8	free	3
00910de8	436	FUN_00910de8	3
00910f9c	8	free	3
00910fa4	276	FUN_00910fa4	3
009110b8	8	free	3
009110c0	208	FUN_009110c0	19
00911190	360	FUN_00911190	3
009112f8	8	free	3
00911300	400	FUN_00911300	3
00911490	8	free	3
00911498	192	FUN_00911498	5
00911558	208	FUN_00911558	7
00911628	488	FUN_00911628	6
00911810	468	FUN_00911810	9
009119e4	144	FUN_009119e4	3
00911a74	256	FUN_00911a74	3
00911b74	20	FUN_00911b74	3
00911b88	8	free	3
00911b90	2532	FUN_00911b90	4
00912580	140	FUN_00912580	3
0091260c	8	free	3
00912614	156	FUN_00912614	4
009126b0	156	FUN_009126b0	4
0091274c	144	FUN_0091274c	3
009127dc	156	FUN_009127dc	3
00912878	144	FUN_00912878	3
00912908	156	FUN_00912908	3
009129a4	156	FUN_009129a4	5
00912a40	156	FUN_00912a40	3
00912adc	212	FUN_00912adc	3
00912bb0	8	free	3
00912bb8	216	FUN_00912bb8	3
00912c90	8	free	3
00912c98	192	FUN_00912c98	3
00912d58	20	FUN_00912d58	3
00912d6c	8	free	3
00912d74	276	FUN_00912d74	3
00912e88	8	free	3
00912e90	404	FUN_00912e90	3
00913024	8	free	3
0091302c	576	FUN_0091302c	3
0091326c	8	free	3
00913274	596	FUN_00913274	3
009134c8	8	free	3
009134d0	280	FUN_009134d0	3
009135e8	8	free	3
009135f0	368	FUN_009135f0	3
00913760	8	free	3
00913768	840	FUN_00913768	3
00913ab0	8	free	3
00913ab8	308	FUN_00913ab8	3
00913bec	8	free	3
00913bf4	572	FUN_00913bf4	3
00913e30	8	free	3
00913e38	316	FUN_00913e38	3
00913f74	8	free	3
00913f7c	12	FUN_00913f7c	3
00913f88	8	free	3
00913f90	208	FUN_00913f90	3
00914060	8	free	3
00914068	280	FUN_00914068	3
00914180	8	free	3
00914188	708	FUN_00914188	3
0091444c	48	FUN_0091444c	3
0091447c	8	free	3
00914484	256	FUN_00914484	3
00914584	8	free	3
0091458c	344	FUN_0091458c	3
009146e4	8	free	3
009146ec	212	FUN_009146ec	3
009147c0	8	free	3
009147c8	176	FUN_009147c8	4
00914878	152	FUN_00914878	3
00914910	256	FUN_00914910	3
00914a10	8	free	3
00914a18	688	FUN_00914a18	3
00914cc8	48	FUN_00914cc8	3
00914cf8	8	free	3
00914d00	104	FUN_00914d00	3
00914d68	104	FUN_00914d68	3
00914dd0	104	FUN_00914dd0	3
00914e38	76	FUN_00914e38	3
00914e84	76	FUN_00914e84	3
00914ed0	76	FUN_00914ed0	3
00914f1c	8	free	3
00914f24	312	FUN_00914f24	3
0091505c	8	free	3
00915064	172	FUN_00915064	3
00915110	20	FUN_00915110	3
00915124	8	free	3
0091512c	208	FUN_0091512c	3
009151fc	20	FUN_009151fc	3
00915210	8	free	3
00915218	12	FUN_00915218	3
00915224	8	free	3
0091522c	236	FUN_0091522c	3
00915318	8	free	3
00915320	12	FUN_00915320	3
0091532c	12	FUN_0091532c	3
00915338	256	FUN_00915338	3
00915438	824	FUN_00915438	3
00915770	8	free	3
00915778	364	FUN_00915778	4
009158e4	8	free	3
009158ec	1248	FUN_009158ec	3
00915dcc	960	FUN_00915dcc	5
0091618c	156	FUN_0091618c	3
00916228	708	FUN_00916228	3
009164ec	324	FUN_009164ec	3
00916630	156	FUN_00916630	3
009166cc	172	FUN_009166cc	3
00916778	160	FUN_00916778	3
00916818	160	FUN_00916818	3
009168b8	280	FUN_009168b8	3
009169d0	8	free	3
009169d8	228	FUN_009169d8	3
00916abc	8	free	3
00916ac4	12	FUN_00916ac4	3
00916ad0	12	FUN_00916ad0	3
00916adc	136	FUN_00916adc	3
00916b64	900	FUN_00916b64	3
00916ee8	8	free	3
00916ef0	364	FUN_00916ef0	3
0091705c	8	free	3
00917064	284	FUN_00917064	3
00917180	8	free	3
00917188	44	FUN_00917188	3
009171b4	44	FUN_009171b4	3
009171e0	44	FUN_009171e0	3
0091720c	380	FUN_0091720c	3
00917388	20	FUN_00917388	3
0091739c	8	free	3
009173a4	144	FUN_009173a4	3
00917434	144	FUN_00917434	3
009174c4	152	FUN_009174c4	3
0091755c	280	FUN_0091755c	3
00917674	8	free	3
0091767c	336	FUN_0091767c	3
009177cc	8	free	3
009177d4	152	FUN_009177d4	3
0091786c	12	FUN_0091786c	3
00917878	12	FUN_00917878	3
00917884	20	FUN_00917884	3
00917898	396	FUN_00917898	3
00917a24	8	free	3
00917a2c	164	FUN_00917a2c	3
00917ad0	44	FUN_00917ad0	3
00917afc	440	FUN_00917afc	3
00917cb4	220	FUN_00917cb4	3
00917d90	8	free	3
00917d98	304	FUN_00917d98	3
00917ec8	8	free	3
00917ed0	44	FUN_00917ed0	3
00917efc	804	FUN_00917efc	3
00918220	328	FUN_00918220	3
00918368	8	free	3
00918370	44	FUN_00918370	3
0091839c	660	FUN_0091839c	3
00918640	348	FUN_00918640	3
009187ac	8	free	3
009187b4	168	FUN_009187b4	3
0091885c	8	free	3
00918864	464	FUN_00918864	3
00918a34	1424	FUN_00918a34	5
00918fc4	504	FUN_00918fc4	5
009191d0	372	FUN_009191d0	9
00919344	312	FUN_00919344	5
0091947c	24	FUN_0091947c	4
00919494	116	FUN_00919494	4
00919508	244	FUN_00919508	3
00919600	44	FUN_00919600	9
0091962c	260	FUN_0091962c	3
00919734	8	thunk_FUN_0091aa88	5
0091973c	8	FUN_0091973c	5
00919744	8	FUN_00919744	5
0091974c	44	FUN_0091974c	3
00919778	44	FUN_00919778	3
009197a4	44	FUN_009197a4	3
009197d0	232	FUN_009197d0	6
009198b8	116	FUN_009198b8	3
0091992c	128	FUN_0091992c	3
009199ac	352	FUN_009199ac	3
00919b0c	324	FUN_00919b0c	3
00919c50	940	FUN_00919c50	3
00919ffc	428	FUN_00919ffc	3
0091a1a8	296	FUN_0091a1a8	3
0091a2d0	564	FUN_0091a2d0	3
0091a504	312	FUN_0091a504	3
0091a63c	244	FUN_0091a63c	3
0091a730	8	FUN_0091a730	19
0091a738	8	free	3
0091a740	16	FUN_0091a740	3
0091a750	24	FUN_0091a750	4
0091a768	8	free	3
0091a770	16	FUN_0091a770	3
0091a780	88	FUN_0091a780	18
0091a7d8	96	FUN_0091a7d8	3
0091a838	12	FUN_0091a838	7
0091a844	88	FUN_0091a844	10
0091a89c	96	FUN_0091a89c	3
0091a8fc	12	FUN_0091a8fc	7
0091a908	96	FUN_0091a908	3
0091a968	96	FUN_0091a968	3
0091a9c8	96	FUN_0091a9c8	3
0091aa28	96	FUN_0091aa28	3
0091aa88	8	FUN_0091aa88	6
0091aa90	460	FUN_0091aa90	4
0091ac5c	56	FUN_0091ac5c	3
0091ac94	60	FUN_0091ac94	3
0091acd0	136	FUN_0091acd0	3
0091ad58	148	FUN_0091ad58	7510
0091adf0	52	FUN_0091adf0	7
0091ae24	156	_INIT_43	4
0091aec0	44	FUN_0091aec0	3
0091aef0	48	FUN_0091aef0	18
0091af20	48	FUN_0091af20	4
0091af50	48	FUN_0091af50	57
0091af80	248	FUN_0091af80	5
0091b078	312	FUN_0091b078	4
0091b1b0	136	FUN_0091b1b0	11
0091b238	244	FUN_0091b238	3
0091b32c	52	FUN_0091b32c	3
0091b360	52	FUN_0091b360	3
0091b394	28	FUN_0091b394	3
0091b3b0	8	thunk_FUN_0091b520	6
0091b3b8	48	FUN_0091b3b8	4
0091b3e8	16	FUN_0091b3e8	3
0091b3f8	172	FUN_0091b3f8	6
0091b4a4	124	FUN_0091b4a4	5
0091b520	236	FUN_0091b520	4
0091b60c	36	FUN_0091b60c	9
0091b630	64	FUN_0091b630	7
0091b670	40	FUN_0091b670	4
0091b698	400	FUN_0091b698	5
0091b828	712	FUN_0091b828	4
0091baf0	8	FUN_0091baf0	3
0091baf8	8	FUN_0091baf8	3
0091bb00	64	FUN_0091bb00	3
0091bb40	284	FUN_0091bb40	3
0091bc5c	284	FUN_0091bc5c	3
0091bd78	20	FUN_0091bd78	3
0091bd8c	16	FUN_0091bd8c	3
0091bd9c	16	FUN_0091bd9c	3
0091bdac	208	FUN_0091bdac	3
0091be7c	68	FUN_0091be7c	3
0091bec0	12	FUN_0091bec0	3
0091becc	12	FUN_0091becc	3
0091bed8	44	FUN_0091bed8	3
0091bf04	536	FUN_0091bf04	4
0091c11c	12	FUN_0091c11c	3
0091c128	292	FUN_0091c128	3
0091c24c	1096	FUN_0091c24c	3
0091c694	2848	FUN_0091c694	5
0091d1b4	252	FUN_0091d1b4	3
0091d2b0	508	FUN_0091d2b0	5
0091d4ac	788	FUN_0091d4ac	19
0091d7c0	464	FUN_0091d7c0	36
0091d990	2500	FUN_0091d990	6
0091e354	756	FUN_0091e354	3
0091e648	448	FUN_0091e648	3
0091e808	456	FUN_0091e808	5
0091e9d0	464	FUN_0091e9d0	3
0091eba0	232	FUN_0091eba0	3
0091ec88	48	FUN_0091ec88	3
0091ecb8	136	FUN_0091ecb8	3
0091ed40	144	FUN_0091ed40	1
0091edd0	156	FUN_0091edd0	3
0091ee6c	8	FUN_0091ee6c	1
0091ee74	8	FUN_0091ee74	1
0091ee7c	8	FUN_0091ee7c	1
0091ee84	8	FUN_0091ee84	1
0091ee8c	8	FUN_0091ee8c	1
0091ee94	8	FUN_0091ee94	1
0091ee9c	8	FUN_0091ee9c	1
0091eea4	8	FUN_0091eea4	1
0091eeb4	128	FUN_0091eeb4	0
0091ef34	108	FUN_0091ef34	0
0091efa0	20	FUN_0091efa0	1
0091efc0	16	__cxa_finalize	1
0091efd0	16	__cxa_atexit	102
0091efe0	16	__register_atfork	1
0091eff0	16	__stack_chk_fail	580
0091f000	16	__open_2	5
0091f010	16	lseek	1
0091f020	16	__read_chk	3
0091f030	16	close	86
0091f040	16	__vsnprintf_chk	6
0091f050	16	mkdir	1
0091f060	16	fopen	1
0091f070	16	memchr	412
0091f080	16	sleep	1
0091f090	16	pthread_create	4
0091f0a0	16	vsnprintf	3
0091f0b0	16	memcpy	155
0091f0c0	16	sscanf	4
0091f0d0	16	dladdr	1
0091f0e0	16	strlen	633
0091f0f0	16	memset	172
0091f100	16	__system_property_get	58
0091f110	16	sysconf	8498
0091f120	16	rand	6093
0091f130	16	mprotect	16
0091f140	16	malloc	1275
0091f150	16	fclose	1
0091f160	16	getaddrinfo	1
0091f170	16	freeaddrinfo	1
0091f180	16	stat	1
0091f190	16	atoi	6
0091f1a0	16	fread	2
0091f1b0	16	mmap	3
0091f1c0	16	strrchr	2
0091f1d0	16	dlsym	1
0091f1e0	16	__errno	27
0091f1f0	16	sigemptyset	1
0091f200	16	sigaction	1
0091f210	16	strcmp	19
0091f220	16	strstr	7
0091f230	16	free	49
0091f240	16	munmap	3
0091f250	16	strncmp	4
0091f260	16	memmove	70
0091f270	16	syscall	4
0091f280	16	getpid	2
0091f290	16	readlink	2
0091f2a0	16	signal	1
0091f2b0	16	raise	1
0091f2c0	16	prctl	1
0091f2d0	16	__pread_chk	1
0091f2e0	16	memcmp	424
0091f2f0	16	abort	116
0091f300	16	__strlen_chk	17
0091f310	16	localtime	1
0091f320	16	mktime	1
0091f330	16	dl_iterate_phdr	41
0091f340	16	ftruncate	2
0091f350	16	ioctl	37
0091f360	16	fprintf	37
0091f370	16	process_vm_readv	1
0091f380	16	strerror	1
0091f390	16	pthread_detach	2
0091f3a0	16	getauxval	2
0091f3b0	16	__memmove_chk	2
0091f3c0	16	clock_gettime	4
0091f3d0	16	fwrite	14
0091f3e0	16	pipe2	1
0091f3f0	16	pipe	1
0091f400	16	fcntl	2
0091f410	16	sigaltstack	1
0091f420	16	pthread_setname_np	1
0091f430	16	fseeko	3
0091f440	16	ftello	1
0091f450	16	fflush	39
0091f460	16	strncpy	2
0091f470	16	read	4
0091f480	16	__strncpy_chk2	1
0091f490	16	sigaddset	7
0091f4a0	16	pthread_setspecific	5
0091f4b0	16	write	1
0091f4c0	16	usleep	1
0091f4d0	16	pthread_mutex_lock	9
0091f4e0	16	pthread_mutex_unlock	10
0091f4f0	16	pthread_cond_destroy	1
0091f500	16	pthread_getspecific	2
0091f510	16	pthread_cond_broadcast	4
0091f520	16	pthread_cond_wait	3
0091f530	16	wmemcpy	10
0091f540	16	realloc	223
0091f550	16	ungetc	4
0091f560	16	getc	4
0091f570	16	newlocale	56
0091f580	16	uselocale	31
0091f590	16	vsscanf	1
0091f5a0	16	vasprintf	2
0091f5b0	16	isxdigit_l	2
0091f5c0	16	isdigit_l	2
0091f5d0	16	wmemset	3
0091f5e0	16	strftime_l	2
0091f5f0	16	mbsrtowcs	1
0091f600	16	freelocale	2
0091f610	16	iswlower_l	1
0091f620	16	islower_l	3
0091f630	16	isupper_l	4
0091f640	16	wcsnrtombs	1
0091f650	16	wcrtomb	3
0091f660	16	mbsnrtowcs	1
0091f670	16	mbrtowc	2
0091f680	16	mbtowc	1
0091f690	16	__ctype_get_mb_cur_max	2
0091f6a0	16	mbrlen	1
0091f6b0	16	wcslen	2
0091f6c0	16	strtoll_l	2
0091f6d0	16	strtoull_l	4
0091f6e0	16	strtof	1
0091f6f0	16	strtod	1
0091f700	16	strtold_l	1
0091f710	16	pthread_mutex_destroy	1
0091f720	16	posix_memalign	1
0091f730	16	wmemmove	1
0091f740	16	strtoull	1
0091f750	16	strtol	1
0091f760	16	strerror_r	1
0091f770	16	pthread_key_create	2
0091f780	16	vfprintf	1
0091f790	16	fputc	1
0091f7a0	16	android_set_abort_message	1
0091f7b0	16	openlog	1
0091f7c0	16	syslog	1
0091f7d0	16	closelog	1
0091f7e0	16	pthread_once	1
0091f7f0	16	pthread_key_delete	1
0091f800	16	pthread_rwlock_wrlock	1
0091f810	16	pthread_rwlock_unlock	5
0091f820	16	pthread_rwlock_rdlock	2
0093b000	1	__cxa_finalize	2
0093b008	1	__cxa_atexit	2
0093b010	1	__register_atfork	2
0093b018	1	__stack_chk_fail	2
0093b020	1	__open_2	2
0093b028	1	lseek	2
0093b030	1	__read_chk	2
0093b038	1	close	2
0093b040	1	__vsnprintf_chk	2
0093b048	1	mkdir	2
0093b050	1	fopen	2
0093b058	1	memchr	2
0093b060	1	sleep	2
0093b068	1	pthread_create	2
0093b070	1	vsnprintf	2
0093b078	1	memcpy	2
0093b080	1	sscanf	2
0093b088	1	dladdr	2
0093b090	1	strlen	2
0093b098	1	memset	2
0093b0a0	1	__system_property_get	2
0093b0a8	1	sysconf	2
0093b0b0	1	rand	2
0093b0b8	1	mprotect	2
0093b0c0	1	malloc	2
0093b0c8	1	fclose	2
0093b0d0	1	getaddrinfo	2
0093b0d8	1	freeaddrinfo	2
0093b0e0	1	stat	2
0093b0e8	1	atoi	2
0093b0f0	1	fread	2
0093b0f8	1	mmap	2
0093b100	1	strrchr	2
0093b108	1	dlsym	2
0093b110	1	__errno	2
0093b118	1	sigemptyset	2
0093b120	1	sigaction	2
0093b128	1	strcmp	2
0093b130	1	strstr	2
0093b138	1	free	11
0093b140	1	munmap	2
0093b148	1	strncmp	2
0093b150	1	memmove	2
0093b158	1	syscall	2
0093b160	1	getpid	2
0093b168	1	readlink	2
0093b170	1	signal	2
0093b178	1	raise	2
0093b180	1	prctl	2
0093b188	1	__pread_chk	2
0093b190	1	memcmp	2
0093b198	1	abort	2
0093b1a0	1	__strlen_chk	2
0093b1a8	1	localtime	2
0093b1b0	1	mktime	2
0093b1b8	1	dl_iterate_phdr	2
0093b1c0	1	ftruncate	2
0093b1c8	1	ioctl	2
0093b1d0	1	fprintf	2
0093b1d8	1	process_vm_readv	2
0093b1e0	1	strerror	2
0093b1e8	1	pthread_detach	2
0093b1f0	1	getauxval	2
0093b1f8	1	__memmove_chk	2
0093b200	1	clock_gettime	2
0093b208	1	fwrite	2
0093b210	1	pipe2	3
0093b218	1	pipe	2
0093b220	1	fcntl	2
0093b228	1	sigaltstack	2
0093b230	1	pthread_setname_np	2
0093b238	1	fseeko	2
0093b240	1	ftello	2
0093b248	1	fflush	2
0093b250	1	strncpy	2
0093b258	1	read	2
0093b260	1	__strncpy_chk2	2
0093b268	1	sigaddset	2
0093b270	1	pthread_setspecific	2
0093b278	1	write	2
0093b280	1	usleep	2
0093b288	1	pthread_mutex_lock	2
0093b290	1	pthread_mutex_unlock	2
0093b298	1	pthread_cond_destroy	2
0093b2a0	1	pthread_getspecific	2
0093b2a8	1	pthread_cond_broadcast	2
0093b2b0	1	pthread_cond_wait	2
0093b2b8	1	wmemcpy	2
0093b2c0	1	realloc	2
0093b2d0	1	ungetc	2
0093b2d8	1	getc	2
0093b2e0	1	newlocale	2
0093b2e8	1	uselocale	2
0093b2f0	1	vsscanf	2
0093b2f8	1	vasprintf	2
0093b300	1	isxdigit_l	2
0093b308	1	isdigit_l	2
0093b310	1	wmemset	2
0093b318	1	strftime_l	2
0093b320	1	mbsrtowcs	2
0093b328	1	freelocale	2
0093b330	1	iswlower_l	2
0093b338	1	islower_l	2
0093b340	1	isupper_l	2
0093b348	1	wcsnrtombs	2
0093b350	1	wcrtomb	2
0093b358	1	mbsnrtowcs	2
0093b360	1	mbrtowc	4
0093b368	1	mbtowc	2
0093b370	1	__ctype_get_mb_cur_max	2
0093b378	1	mbrlen	2
0093b380	1	wcslen	2
0093b388	1	strtoll_l	2
0093b390	1	strtoull_l	2
0093b398	1	strtof	2
0093b3a0	1	strtod	2
0093b3a8	1	strtold_l	2
0093b3b0	1	pthread_mutex_destroy	2
0093b3b8	1	posix_memalign	2
0093b3c0	1	wmemmove	2
0093b3c8	1	strtoull	2
0093b3d0	1	strtol	2
0093b3d8	1	strerror_r	2
0093b3e0	1	pthread_key_create	2
0093b3e8	1	vfprintf	2
0093b3f0	1	fputc	2
0093b3f8	1	android_set_abort_message	84
0093b400	1	openlog	2
0093b408	1	syslog	2
0093b410	1	closelog	2
0093b418	1	pthread_once	2
0093b420	1	pthread_key_delete	2
0093b428	1	pthread_rwlock_wrlock	2
0093b430	1	pthread_rwlock_unlock	2
0093b438	1	pthread_rwlock_rdlock	2
